,ds,trend,yhat_lower,yhat_upper,trend_lower,trend_upper,additive_terms,additive_terms_lower,additive_terms_upper,weekly,weekly_lower,weekly_upper,multiplicative_terms,multiplicative_terms_lower,multiplicative_terms_upper,yhat
0,2023-01-03 05:00:00,141.29102265609743,112.77867340050008,176.89267997302267,141.29102265609743,141.29102265609743,3.7342402327885966,3.7342402327885966,3.7342402327885966,3.7342402327885966,3.7342402327885966,3.7342402327885966,0.0,0.0,0.0,145.02526288888603
1,2023-01-04 05:00:00,141.78549448025768,115.47867292926233,176.64254235862794,141.78549448025768,141.78549448025768,4.96441127050633,4.96441127050633,4.96441127050633,4.96441127050633,4.96441127050633,4.96441127050633,0.0,0.0,0.0,146.74990575076401
2,2023-01-05 05:00:00,142.2799663044179,113.65744196239625,172.83839137564883,142.2799663044179,142.2799663044179,2.3934781851037177,2.3934781851037177,2.3934781851037177,2.3934781851037177,2.3934781851037177,2.3934781851037177,0.0,0.0,0.0,144.67344448952164
3,2023-01-06 05:00:00,142.7744381285782,118.24592659890666,177.88825085779527,142.7744381285782,142.7744381285782,4.886473356143437,4.886473356143437,4.886473356143437,4.886473356143437,4.886473356143437,4.886473356143437,0.0,0.0,0.0,147.66091148472162
4,2023-01-09 05:00:00,144.25785360105897,118.30897273675616,178.9392657165571,144.25785360105897,144.25785360105897,4.65497319155506,4.65497319155506,4.65497319155506,4.65497319155506,4.65497319155506,4.65497319155506,0.0,0.0,0.0,148.91282679261403
5,2023-01-10 05:00:00,144.75232542521923,117.37268623843954,178.86916197174378,144.75232542521923,144.75232542521923,3.734240232905281,3.734240232905281,3.734240232905281,3.734240232905281,3.734240232905281,3.734240232905281,0.0,0.0,0.0,148.4865656581245
6,2023-01-11 05:00:00,145.24679724937948,121.12168754501802,179.32622881584106,145.24679724937948,145.24679724937948,4.964411270356032,4.964411270356032,4.964411270356032,4.964411270356032,4.964411270356032,4.964411270356032,0.0,0.0,0.0,150.21120851973552
7,2023-01-12 05:00:00,145.74126907353974,119.5788080513647,177.10531460452037,145.74126907353974,145.74126907353974,2.3934781850863174,2.3934781850863174,2.3934781850863174,2.3934781850863174,2.3934781850863174,2.3934781850863174,0.0,0.0,0.0,148.13474725862605
8,2023-01-13 05:00:00,146.2357408977,122.11828986110713,181.50159871400686,146.2357408977,146.2357408977,4.886473356093011,4.886473356093011,4.886473356093011,4.886473356093011,4.886473356093011,4.886473356093011,0.0,0.0,0.0,151.122214253793
9,2023-01-17 05:00:00,148.21362820083644,123.04031683707977,181.92277593165716,148.21362820083644,148.21362820083644,3.734240232837934,3.734240232837934,3.734240232837934,3.734240232837934,3.734240232837934,3.734240232837934,0.0,0.0,0.0,151.9478684336744
10,2023-01-18 05:00:00,148.70810002662057,124.69732449092157,182.68266547343524,148.70810002662057,148.70810002662057,4.964411270429982,4.964411270429982,4.964411270429982,4.964411270429982,4.964411270429982,4.964411270429982,0.0,0.0,0.0,153.67251129705056
11,2023-01-19 05:00:00,149.20257185240467,120.99445669334906,180.69122575168936,149.20257185240467,149.20257185240467,2.393478185120783,2.393478185120783,2.393478185120783,2.393478185120783,2.393478185120783,2.393478185120783,0.0,0.0,0.0,151.59605003752546
12,2023-01-20 05:00:00,149.6970436781888,125.10343411870241,184.57943403042407,149.6970436781888,149.6970436781888,4.886473356166377,4.886473356166377,4.886473356166377,4.886473356166377,4.886473356166377,4.886473356166377,0.0,0.0,0.0,154.58351703435517
13,2023-01-23 05:00:00,151.18045915554114,125.57767878184836,185.47484720032415,151.18045915554114,151.18045915554114,4.654973191574581,4.654973191574581,4.654973191574581,4.654973191574581,4.654973191574581,4.654973191574581,0.0,0.0,0.0,155.83543234711573
14,2023-01-24 05:00:00,151.67493098132528,125.90650340948363,187.10465397362395,151.67493098132528,151.67493098132528,3.7342402328420965,3.7342402328420965,3.7342402328420965,3.7342402328420965,3.7342402328420965,3.7342402328420965,0.0,0.0,0.0,155.40917121416737
15,2023-01-25 05:00:00,152.16940280710938,125.5048842901145,186.316925482605,152.16940280710938,152.16940280710938,4.964411270503934,4.964411270503934,4.964411270503934,4.964411270503934,4.964411270503934,4.964411270503934,0.0,0.0,0.0,157.13381407761332
16,2023-01-26 05:00:00,152.66387463289348,124.79388447472192,183.84368971494777,152.66387463289348,152.66387463289348,2.3934781850452196,2.3934781850452196,2.3934781850452196,2.3934781850452196,2.3934781850452196,2.3934781850452196,0.0,0.0,0.0,155.0573528179387
17,2023-01-27 05:00:00,153.15834645181067,128.36659079891663,190.29931406741085,153.15834645181067,153.15834645181067,4.886473356153604,4.886473356153604,4.886473356153604,4.886473356153604,4.886473356153604,4.886473356153604,0.0,0.0,0.0,158.04481980796427
18,2023-01-30 05:00:00,154.64176190856224,129.26082960812388,189.37799042513663,154.64176190856224,154.64176190856224,4.654973191584341,4.654973191584341,4.654973191584341,4.654973191584341,4.654973191584341,4.654973191584341,0.0,0.0,0.0,159.29673510014658
19,2023-01-31 05:00:00,155.13623372747944,131.3848170877637,191.94773825539636,155.13623372747944,155.13623372747944,3.7342402327747535,3.7342402327747535,3.7342402327747535,3.7342402327747535,3.7342402327747535,3.7342402327747535,0.0,0.0,0.0,158.8704739602542
20,2023-02-01 05:00:00,155.63070554639663,132.88260459790104,188.87585651749347,155.63070554639663,155.63070554639663,4.9644112703536365,4.9644112703536365,4.9644112703536365,4.9644112703536365,4.9644112703536365,4.9644112703536365,0.0,0.0,0.0,160.59511681675025
21,2023-02-02 05:00:00,156.12517736531382,128.39767283759602,186.95512453790786,156.12517736531382,156.12517736531382,2.3934781851897062,2.3934781851897062,2.3934781851897062,2.3934781851897062,2.3934781851897062,2.3934781851897062,0.0,0.0,0.0,158.51865555050352
22,2023-02-03 05:00:00,156.619649184231,131.4888134294884,189.9674929669373,156.619649184231,156.619649184231,4.886473356140834,4.886473356140834,4.886473356140834,4.886473356140834,4.886473356140834,4.886473356140834,0.0,0.0,0.0,161.50612254037185
23,2023-02-06 05:00:00,158.10306464098258,132.9653062298486,193.43091502676916,158.10306464098258,158.10306464098258,4.654973191647783,4.654973191647783,4.654973191647783,4.654973191647783,4.654973191647783,4.654973191647783,0.0,0.0,0.0,162.75803783263035
24,2023-02-07 05:00:00,158.59753645989977,132.92801558530408,191.6400930659321,158.59753645989977,158.59753645989977,3.7342402327994213,3.7342402327994213,3.7342402327994213,3.7342402327994213,3.7342402327994213,3.7342402327994213,0.0,0.0,0.0,162.33177669269918
25,2023-02-08 05:00:00,159.0920082758883,135.37499335009474,194.4443644856148,159.0920082758883,159.0920082758883,4.964411270427587,4.964411270427587,4.964411270427587,4.964411270427587,4.964411270427587,4.964411270427587,0.0,0.0,0.0,164.05641954631588
26,2023-02-09 05:00:00,159.5864800918768,131.85325223325552,191.51497122939804,159.5864800918768,159.5864800918768,2.393478185062281,2.393478185062281,2.393478185062281,2.393478185062281,2.393478185062281,2.393478185062281,0.0,0.0,0.0,161.9799582769391
27,2023-02-10 05:00:00,160.08095190786537,135.98645798596033,195.65173282349303,160.08095190786537,160.08095190786537,4.886473356128065,4.886473356128065,4.886473356128065,4.886473356128065,4.886473356128065,4.886473356128065,0.0,0.0,0.0,164.96742526399345
28,2023-02-13 05:00:00,161.56436735583094,136.23542934347768,195.8893853489655,161.56436735583094,161.56436735583094,4.6549731916038635,4.6549731916038635,4.6549731916038635,4.6549731916038635,4.6549731916038635,4.6549731916038635,0.0,0.0,0.0,166.2193405474348
29,2023-02-14 05:00:00,162.05883917181947,135.7904313102133,194.5181924486313,162.05883917181947,162.05883917181947,3.734240232824093,3.734240232824093,3.734240232824093,3.734240232824093,3.734240232824093,3.734240232824093,0.0,0.0,0.0,165.79307940464358
30,2023-02-15 05:00:00,162.55331098780798,136.12093823747298,195.5472924567644,162.55331098780798,162.55331098780798,4.9644112703469565,4.9644112703469565,4.9644112703469565,4.9644112703469565,4.9644112703469565,4.9644112703469565,0.0,0.0,0.0,167.51772225815492
31,2023-02-16 05:00:00,163.04778280379654,133.82439042626456,194.51792625756562,163.04778280379654,163.04778280379654,2.3934781850967433,2.3934781850967433,2.3934781850967433,2.3934781850967433,2.3934781850967433,2.3934781850967433,0.0,0.0,0.0,165.44126098889328
32,2023-02-17 05:00:00,163.54225461978507,139.28095590917118,198.45927699955152,163.54225461978507,163.54225461978507,4.88647335620143,4.88647335620143,4.88647335620143,4.88647335620143,4.88647335620143,4.88647335620143,0.0,0.0,0.0,168.4287279759865
33,2023-02-21 05:00:00,165.52005359263742,137.89340893234225,198.6488181671672,165.52005359263742,165.52005359263742,3.7342402328487627,3.7342402328487627,3.7342402328487627,3.7342402328487627,3.7342402328487627,3.7342402328487627,0.0,0.0,0.0,169.2542938254862
34,2023-02-22 05:00:00,166.01450333585052,145.01687172135834,202.0520466059271,166.01450333585052,166.01450333585052,4.964411270420906,4.964411270420906,4.964411270420906,4.964411270420906,4.964411270420906,4.964411270420906,0.0,0.0,0.0,170.97891460627142
35,2023-02-23 05:00:00,166.50895307906362,139.6166977139242,198.47184422895253,166.50895307906362,166.50895307906362,2.393478185021182,2.393478185021182,2.393478185021182,2.393478185021182,2.393478185021182,2.393478185021182,0.0,0.0,0.0,168.9024312640848
36,2023-02-24 05:00:00,167.00340282227668,143.565183975955,200.9722094736716,167.00340282227668,167.00340282227668,4.886473356102522,4.886473356102522,4.886473356102522,4.886473356102522,4.886473356102522,4.886473356102522,0.0,0.0,0.0,171.8898761783792
37,2023-02-27 05:00:00,168.48675205191597,145.00190948286735,203.70451949840566,168.48675205191597,168.48675205191597,4.654973191556012,4.654973191556012,4.654973191556012,4.654973191556012,4.654973191556012,4.654973191556012,0.0,0.0,0.0,173.141725243472
38,2023-02-28 05:00:00,168.98120179512907,144.2097554514513,202.6173062122728,168.98120179512907,168.98120179512907,3.7342402327814157,3.7342402327814157,3.7342402327814157,3.7342402327814157,3.7342402327814157,3.7342402327814157,0.0,0.0,0.0,172.71544202791048
39,2023-03-01 05:00:00,169.47565153834213,145.30814049953074,201.4692910244892,169.47565153834213,169.47565153834213,4.964411270382731,4.964411270382731,4.964411270382731,4.964411270382731,4.964411270382731,4.964411270382731,0.0,0.0,0.0,174.44006280872486
40,2023-03-02 05:00:00,169.97010128155523,141.98689323227154,202.68990137166207,169.97010128155523,169.97010128155523,2.3934781849456197,2.3934781849456197,2.3934781849456197,2.3934781849456197,2.3934781849456197,2.3934781849456197,0.0,0.0,0.0,172.36357946650085
41,2023-03-03 05:00:00,170.4645510112222,145.79922777548256,204.23112606865539,170.4645510112222,170.4645510112222,4.886473356138232,4.886473356138232,4.886473356138232,4.886473356138232,4.886473356138232,4.886473356138232,0.0,0.0,0.0,175.35102436736042
42,2023-03-06 05:00:00,171.94790020022313,146.74828250302423,204.950123013197,171.94790020022313,171.94790020022313,4.654973191619451,4.654973191619451,4.654973191619451,4.654973191619451,4.654973191619451,4.654973191619451,0.0,0.0,0.0,176.6028733918426
43,2023-03-07 05:00:00,172.4423499298901,147.61380913572364,204.28110981064023,172.4423499298901,172.4423499298901,3.7342402328981064,3.7342402328981064,3.7342402328981064,3.7342402328981064,3.7342402328981064,3.7342402328981064,0.0,0.0,0.0,176.17659016278822
44,2023-03-08 05:00:00,172.93679965955707,147.0388207393627,206.39457401987366,172.93679965955707,172.93679965955707,4.964411270414226,4.964411270414226,4.964411270414226,4.964411270414226,4.964411270414226,4.964411270414226,0.0,0.0,0.0,177.90121092997128
45,2023-03-09 05:00:00,173.43124938922404,147.71007808776423,206.71085909240787,173.43124938922404,173.43124938922404,2.3934781850901086,2.3934781850901086,2.3934781850901086,2.3934781850901086,2.3934781850901086,2.3934781850901086,0.0,0.0,0.0,175.82472757431415
46,2023-03-10 05:00:00,173.925699118891,148.67811316919298,210.89106499132083,173.925699118891,173.925699118891,4.886473356125462,4.886473356125462,4.886473356125462,4.886473356125462,4.886473356125462,4.886473356125462,0.0,0.0,0.0,178.81217247501647
47,2023-03-13 04:00:00,175.38844623582247,144.25402669729843,206.76389288525513,175.38844623582247,175.38844623582247,2.507049086823592,2.507049086823592,2.507049086823592,2.507049086823592,2.507049086823592,2.507049086823592,0.0,0.0,0.0,177.89549532264607
48,2023-03-14 04:00:00,175.88289596548944,151.24243106550836,211.65609005092506,175.88289596548944,175.88289596548944,4.9595957670481585,4.9595957670481585,4.9595957670481585,4.9595957670481585,4.9595957670481585,4.9595957670481585,0.0,0.0,0.0,180.8424917325376
49,2023-03-15 04:00:00,176.37734569548303,151.7259028979585,209.01270352958127,176.37734569548303,176.37734569548303,3.9456561408104798,3.9456561408104798,3.9456561408104798,3.9456561408104798,3.9456561408104798,3.9456561408104798,0.0,0.0,0.0,180.3230018362935
50,2023-03-16 04:00:00,176.8717954254766,150.1518865729182,210.9512193738065,176.8717954254766,176.8717954254766,3.5533370703307883,3.5533370703307883,3.5533370703307883,3.5533370703307883,3.5533370703307883,3.5533370703307883,0.0,0.0,0.0,180.4251324958074
51,2023-03-17 04:00:00,177.36624515547015,152.59135125576714,210.26584632975246,177.36624515547015,177.36624515547015,3.207042272458513,3.207042272458513,3.207042272458513,3.207042272458513,3.207042272458513,3.207042272458513,0.0,0.0,0.0,180.57328742792868
52,2023-03-20 04:00:00,178.8495943454508,152.49544217618353,211.65675313314543,178.8495943454508,178.8495943454508,2.507049086711414,2.507049086711414,2.507049086711414,2.507049086711414,2.507049086711414,2.507049086711414,0.0,0.0,0.0,181.35664343216223
53,2023-03-21 04:00:00,179.34404407544434,153.7999658758172,214.1476952779864,179.34404407544434,179.34404407544434,4.959595766976779,4.959595766976779,4.959595766976779,4.959595766976779,4.959595766976779,4.959595766976779,0.0,0.0,0.0,184.30363984242112
54,2023-03-22 04:00:00,179.83849380543793,155.75793007217845,215.66045084737246,179.83849380543793,179.83849380543793,3.9456561407716557,3.9456561407716557,3.9456561407716557,3.9456561407716557,3.9456561407716557,3.9456561407716557,0.0,0.0,0.0,183.7841499462096
55,2023-03-23 04:00:00,180.3329435354315,154.08894291586492,214.0593532334479,180.3329435354315,180.3329435354315,3.553337070528577,3.553337070528577,3.553337070528577,3.553337070528577,3.553337070528577,3.553337070528577,0.0,0.0,0.0,183.88628060596008
56,2023-03-24 04:00:00,180.82739326542506,154.2004296544865,215.22759808176772,180.82739326542506,180.82739326542506,3.2070422724488714,3.2070422724488714,3.2070422724488714,3.2070422724488714,3.2070422724488714,3.2070422724488714,0.0,0.0,0.0,184.03443553787392
57,2023-03-27 04:00:00,182.3107425159682,156.26848042960648,214.10472345800417,182.3107425159682,182.3107425159682,2.507049086782936,2.507049086782936,2.507049086782936,2.507049086782936,2.507049086782936,2.507049086782936,0.0,0.0,0.0,184.81779160275113
58,2023-03-28 04:00:00,182.80519226614925,158.99186853703165,219.42005050539282,182.80519226614925,182.80519226614925,4.959595767004374,4.959595767004374,4.959595767004374,4.959595767004374,4.959595767004374,4.959595767004374,0.0,0.0,0.0,187.76478803315362
59,2023-03-29 04:00:00,183.29964201633032,159.00315327260572,218.61981622696138,183.29964201633032,183.29964201633032,3.9456561407328326,3.9456561407328326,3.9456561407328326,3.9456561407328326,3.9456561407328326,3.9456561407328326,0.0,0.0,0.0,187.24529815706316
60,2023-03-30 04:00:00,183.79409176651137,157.3999065089768,217.87661967372736,183.79409176651137,183.79409176651137,3.5533370704552216,3.5533370704552216,3.5533370704552216,3.5533370704552216,3.5533370704552216,3.5533370704552216,0.0,0.0,0.0,187.3474288369666
61,2023-03-31 04:00:00,184.28854151669242,156.35807696133745,216.79744259342974,184.28854151669242,184.28854151669242,3.2070422723955176,3.2070422723955176,3.2070422723955176,3.2070422723955176,3.2070422723955176,3.2070422723955176,0.0,0.0,0.0,187.49558378908793
62,2023-04-03 04:00:00,185.7718907672356,159.64006326005784,217.65003468331813,185.7718907672356,185.7718907672356,2.507049086725249,2.507049086725249,2.507049086725249,2.507049086725249,2.507049086725249,2.507049086725249,0.0,0.0,0.0,188.27893985396085
63,2023-04-04 04:00:00,186.26634051741664,162.47018951326092,222.1851311524424,186.26634051741664,186.26634051741664,4.959595767031971,4.959595767031971,4.959595767031971,4.959595767031971,4.959595767031971,4.959595767031971,0.0,0.0,0.0,191.2259362844486
64,2023-04-05 04:00:00,186.76079026759768,157.03779124086995,219.90088505982243,186.76079026759768,186.76079026759768,3.9456561408077535,3.9456561408077535,3.9456561408077535,3.9456561408077535,3.9456561408077535,3.9456561408077535,0.0,0.0,0.0,190.70644640840544
65,2023-04-06 04:00:00,187.25524000829435,164.34211355697798,220.30889051092757,187.25524000829435,187.25524000829435,3.5533370704878395,3.5533370704878395,3.5533370704878395,3.5533370704878395,3.5533370704878395,3.5533370704878395,0.0,0.0,0.0,190.80857707878218
66,2023-04-10 04:00:00,189.23303897108087,159.7973168705979,220.23514864138755,189.23303897108087,189.23303897108087,2.507049086796771,2.507049086796771,2.507049086796771,2.507049086796771,2.507049086796771,2.507049086796771,0.0,0.0,0.0,191.74008805787764
67,2023-04-11 04:00:00,189.7274887117775,164.18877850681363,224.36118040283412,189.7274887117775,189.7274887117775,4.959595767031671,4.959595767031671,4.959595767031671,4.959595767031671,4.959595767031671,4.959595767031671,0.0,0.0,0.0,194.68708447880917
68,2023-04-12 04:00:00,190.22193845247418,165.070162244095,222.93260087416397,190.22193845247418,190.22193845247418,3.9456561408826736,3.9456561408826736,3.9456561408826736,3.9456561408826736,3.9456561408826736,3.9456561408826736,0.0,0.0,0.0,194.16759459335685
69,2023-04-13 04:00:00,190.71638819317081,163.3067678577549,223.88732671698432,190.71638819317081,190.71638819317081,3.5533370704144844,3.5533370704144844,3.5533370704144844,3.5533370704144844,3.5533370704144844,3.5533370704144844,0.0,0.0,0.0,194.2697252635853
70,2023-04-14 04:00:00,191.21083793386742,164.01675497353924,225.28441637152372,191.21083793386742,191.21083793386742,3.2070422723762277,3.2070422723762277,3.2070422723762277,3.2070422723762277,3.2070422723762277,3.2070422723762277,0.0,0.0,0.0,194.41788020624364
71,2023-04-17 04:00:00,192.69418715595734,163.17640911542387,224.88636282760834,192.69418715595734,192.69418715595734,2.5070490868036894,2.5070490868036894,2.5070490868036894,2.5070490868036894,2.5070490868036894,2.5070490868036894,0.0,0.0,0.0,195.201236242761
72,2023-04-18 04:00:00,193.188636896654,167.88468698152485,228.69023770134615,193.188636896654,193.188636896654,4.959595766960288,4.959595766960288,4.959595766960288,4.959595766960288,4.959595766960288,4.959595766960288,0.0,0.0,0.0,198.1482326636143
73,2023-04-19 04:00:00,193.68466500209092,167.83477114780067,227.86555295592092,193.68466500209092,193.68466500209092,3.94565614084385,3.94565614084385,3.94565614084385,3.94565614084385,3.94565614084385,3.94565614084385,0.0,0.0,0.0,197.63032114293478
74,2023-04-20 04:00:00,194.18069310752787,166.37775615146612,228.1361624899962,194.18069310752787,194.18069310752787,3.5533370704471046,3.5533370704471046,3.5533370704471046,3.5533370704471046,3.5533370704471046,3.5533370704471046,0.0,0.0,0.0,197.73403017797497
75,2023-04-21 04:00:00,194.6767212129648,167.5768039407025,228.0391662045773,194.6767212129648,194.6767212129648,3.2070422724438132,3.2070422724438132,3.2070422724438132,3.2070422724438132,3.2070422724438132,3.2070422724438132,0.0,0.0,0.0,197.8837634854086
76,2023-04-24 04:00:00,196.1648055292756,171.06586860707793,228.17797807755161,196.1648055292756,196.1648055292756,2.507049086875217,2.507049086875217,2.507049086875217,2.507049086875217,2.507049086875217,2.507049086875217,0.0,0.0,0.0,198.67185461615082
77,2023-04-25 04:00:00,196.66083363471253,172.92531148347186,231.357264120977,196.66083363471253,196.66083363471253,4.959595767086864,4.959595767086864,4.959595767086864,4.959595767086864,4.959595767086864,4.959595767086864,0.0,0.0,0.0,201.62042940179938
78,2023-04-26 04:00:00,197.15686174014948,171.32427894073342,228.44671051591965,197.15686174014948,197.15686174014948,3.945656140648755,3.945656140648755,3.945656140648755,3.945656140648755,3.945656140648755,3.945656140648755,0.0,0.0,0.0,201.10251788079825
79,2023-04-27 04:00:00,197.6528898455864,169.7988202409763,231.62709254086167,197.6528898455864,197.6528898455864,3.553337070432932,3.553337070432932,3.553337070432932,3.553337070432932,3.553337070432932,3.553337070432932,0.0,0.0,0.0,201.20622691601935
80,2023-04-28 04:00:00,198.14891795102332,171.85998380280014,232.86387173472775,198.14891795102332,198.14891795102332,3.207042272434169,3.207042272434169,3.207042272434169,3.207042272434169,3.207042272434169,3.207042272434169,0.0,0.0,0.0,201.3559602234575
81,2023-05-01 04:00:00,199.82427467664618,172.91871037075623,231.25317193872138,199.82427467664618,199.82427467664618,2.5070490868821316,2.5070490868821316,2.5070490868821316,2.5070490868821316,2.5070490868821316,2.5070490868821316,0.0,0.0,0.0,202.3313237635283
82,2023-05-02 04:00:00,200.3827269185205,175.8898941962327,234.23444173948047,200.3827269185205,200.3827269185205,4.9595957670154815,4.9595957670154815,4.9595957670154815,4.9595957670154815,4.9595957670154815,4.9595957670154815,0.0,0.0,0.0,205.34232268553598
83,2023-05-03 04:00:00,200.94117916039477,175.68550101118808,237.29251702029015,200.94117916039477,200.94117916039477,3.945656140723674,3.945656140723674,3.945656140723674,3.945656140723674,3.945656140723674,3.945656140723674,0.0,0.0,0.0,204.88683530111845
84,2023-05-04 04:00:00,201.49963140226907,176.61159533723261,232.95710218034242,201.49963140226907,201.49963140226907,3.553337070465554,3.553337070465554,3.553337070465554,3.553337070465554,3.553337070465554,3.553337070465554,0.0,0.0,0.0,205.05296847273462
85,2023-05-05 04:00:00,202.05808364414332,175.0510272048318,235.6946121829501,202.05808364414332,202.05808364414332,3.2070422725017522,3.2070422725017522,3.2070422725017522,3.2070422725017522,3.2070422725017522,3.2070422725017522,0.0,0.0,0.0,205.26512591664508
86,2023-05-08 04:00:00,203.73344036976619,178.3834499650087,236.6966418528454,203.73344036976619,203.73344036976619,2.5070490867699537,2.5070490867699537,2.5070490867699537,2.5070490867699537,2.5070490867699537,2.5070490867699537,0.0,0.0,0.0,206.24048945653615
87,2023-05-09 04:00:00,204.2918926116405,179.8025008710327,238.50047674048207,204.2918926116405,204.2918926116405,4.959595767043079,4.959595767043079,4.959595767043079,4.959595767043079,4.959595767043079,4.959595767043079,0.0,0.0,0.0,209.25148837868358
88,2023-05-10 04:00:00,204.85034485351477,178.96475379735043,239.024702392151,204.85034485351477,204.85034485351477,3.945656140798594,3.945656140798594,3.945656140798594,3.945656140798594,3.945656140798594,3.945656140798594,0.0,0.0,0.0,208.79600099431337
89,2023-05-11 04:00:00,205.43962354373755,177.2469439046547,240.0033771337898,205.43962354373755,205.43962354373755,3.553337070392195,3.553337070392195,3.553337070392195,3.553337070392195,3.553337070392195,3.553337070392195,0.0,0.0,0.0,208.99296061412974
90,2023-05-12 04:00:00,206.02890223396034,176.94784980817667,239.1108664062863,206.02890223396034,206.02890223396034,3.2070422724921106,3.2070422724921106,3.2070422724921106,3.2070422724921106,3.2070422724921106,3.2070422724921106,0.0,0.0,0.0,209.23594450645246
91,2023-05-15 04:00:00,207.79673830462863,180.7355603577397,241.32861932169405,207.79673830462863,207.79673830462863,2.507049086776872,2.507049086776872,2.507049086776872,2.507049086776872,2.507049086776872,2.507049086776872,0.0,0.0,0.0,210.3037873914055
92,2023-05-16 04:00:00,208.38601699485142,181.86916767283088,244.09866836488885,208.38601699485142,208.38601699485142,4.959595766971697,4.959595766971697,4.959595766971697,4.959595766971697,4.959595766971697,4.959595766971697,0.0,0.0,0.0,213.3456127618231
93,2023-05-17 04:00:00,208.9752956850742,185.825490168531,241.76893401437383,208.9752956850742,208.9752956850742,3.945656140759773,3.945656140759773,3.945656140759773,3.945656140759773,3.945656140759773,3.945656140759773,0.0,0.0,0.0,212.92095182583398
94,2023-05-18 04:00:00,209.56457437529696,183.81378840760718,243.48576700603715,209.56457437529696,209.56457437529696,3.5533370705308003,3.5533370705308003,3.5533370705308003,3.5533370705308003,3.5533370705308003,3.5533370705308003,0.0,0.0,0.0,213.11791144582776
95,2023-05-19 04:00:00,210.15385306551974,185.53179878131658,243.8105975135613,210.15385306551974,210.15385306551974,3.207042272438759,3.207042272438759,3.207042272438759,3.207042272438759,3.207042272438759,3.207042272438759,0.0,0.0,0.0,213.3608953379585
96,2023-05-22 04:00:00,211.92168913618806,185.48204148171868,242.81210201630776,211.92168913618806,211.92168913618806,2.5070490868483963,2.5070490868483963,2.5070490868483963,2.5070490868483963,2.5070490868483963,2.5070490868483963,0.0,0.0,0.0,214.42873822303645
97,2023-05-23 04:00:00,212.51096783139613,187.6963084080419,248.34085529548557,212.51096783139613,212.51096783139613,4.9595957670703745,4.9595957670703745,4.9595957670703745,4.9595957670703745,4.9595957670703745,4.9595957670703745,0.0,0.0,0.0,217.4705635984665
98,2023-05-24 04:00:00,213.10024652660417,187.31249411245216,244.98511488832852,213.10024652660417,213.10024652660417,3.9456561409059043,3.9456561409059043,3.9456561409059043,3.9456561409059043,3.9456561409059043,3.9456561409059043,0.0,0.0,0.0,217.04590266751006
99,2023-05-25 04:00:00,213.68952522181223,187.24732661837896,246.23019950806335,213.68952522181223,213.68952522181223,3.5533370704574394,3.5533370704574394,3.5533370704574394,3.5533370704574394,3.5533370704574394,3.5533370704574394,0.0,0.0,0.0,217.24286229226968
100,2023-05-26 04:00:00,214.27880391702027,187.14693160872264,248.4940584823832,214.27880391702027,214.27880391702027,3.207042272429115,3.207042272429115,3.207042272429115,3.207042272429115,3.207042272429115,3.207042272429115,0.0,0.0,0.0,217.48584618944938
101,2023-05-30 04:00:00,216.63591869785247,191.46824311500598,253.88636463018676,216.63591869785247,216.63591869785247,4.959595767097972,4.959595767097972,4.959595767097972,4.959595767097972,4.959595767097972,4.959595767097972,0.0,0.0,0.0,221.59551446495044
102,2023-05-31 04:00:00,217.2251973930605,190.84228888679178,251.63629177210836,217.2251973930605,217.2251973930605,3.945656140753341,3.945656140753341,3.945656140753341,3.945656140753341,3.945656140753341,3.945656140753341,0.0,0.0,0.0,221.17085353381384
103,2023-06-01 04:00:00,217.81447608826855,191.80556875950793,252.21500626608406,217.81447608826855,217.81447608826855,3.5533370703840808,3.5533370703840808,3.5533370703840808,3.5533370703840808,3.5533370703840808,3.5533370703840808,0.0,0.0,0.0,221.36781315865264
104,2023-06-02 04:00:00,218.40375478626098,193.0384267022132,251.00835946392334,218.40375478626098,218.40375478626098,3.2070422724966963,3.2070422724966963,3.2070422724966963,3.2070422724966963,3.2070422724966963,3.2070422724966963,0.0,0.0,0.0,221.61079705875767
105,2023-06-05 04:00:00,220.17159088023817,193.99518484124147,252.6863460845196,220.17159088023817,220.17159088023817,2.507049086862231,2.507049086862231,2.507049086862231,2.507049086862231,2.507049086862231,2.507049086862231,0.0,0.0,0.0,222.6786399671004
106,2023-06-06 04:00:00,220.76086957823057,195.38003660753145,256.74496478896793,220.76086957823057,220.76086957823057,4.959595767125566,4.959595767125566,4.959595767125566,4.959595767125566,4.959595767125566,4.959595767125566,0.0,0.0,0.0,225.72046534535613
107,2023-06-07 04:00:00,221.35014827622297,196.0834576678727,253.8145757828209,221.35014827622297,221.35014827622297,3.945656140828259,3.945656140828259,3.945656140828259,3.945656140828259,3.945656140828259,3.945656140828259,0.0,0.0,0.0,225.29580441705122
108,2023-06-08 04:00:00,221.9394269742154,194.93044562176036,254.4033918325369,221.9394269742154,221.9394269742154,3.5533370704167027,3.5533370704167027,3.5533370704167027,3.5533370704167027,3.5533370704167027,3.5533370704167027,0.0,0.0,0.0,225.4927640446321
109,2023-06-09 04:00:00,222.52870567220776,194.31590578788024,255.69827134813252,222.52870567220776,222.52870567220776,3.207042272366116,3.207042272366116,3.207042272366116,3.207042272366116,3.207042272366116,3.207042272366116,0.0,0.0,0.0,225.7357479445739
110,2023-06-12 04:00:00,224.296541766185,197.38633451025794,255.98940576919122,224.296541766185,224.296541766185,2.507049086933757,2.507049086933757,2.507049086933757,2.507049086933757,2.507049086933757,2.507049086933757,0.0,0.0,0.0,226.80359085311875
111,2023-06-13 04:00:00,224.88582046417736,201.40658713680935,260.4135838795581,224.88582046417736,224.88582046417736,4.9595957670541875,4.9595957670541875,4.9595957670541875,4.9595957670541875,4.9595957670541875,4.9595957670541875,0.0,0.0,0.0,229.84541623123155
112,2023-06-14 04:00:00,225.4750991501288,200.44113698760168,259.19687184767264,225.4750991501288,225.4750991501288,3.9456561407894366,3.9456561407894366,3.9456561407894366,3.9456561407894366,3.9456561407894366,3.9456561407894366,0.0,0.0,0.0,229.42075529091824
113,2023-06-15 04:00:00,226.0643778360803,201.00823016587594,260.8598600499007,226.0643778360803,226.0643778360803,3.5533370702965508,3.5533370702965508,3.5533370702965508,3.5533370702965508,3.5533370702965508,3.5533370702965508,0.0,0.0,0.0,229.61771490637685
114,2023-06-16 04:00:00,226.65365652203172,201.11205868366986,258.3334689048402,226.65365652203172,226.65365652203172,3.207042272433699,3.207042272433699,3.207042272433699,3.207042272433699,3.207042272433699,3.207042272433699,0.0,0.0,0.0,229.86069879446543
115,2023-06-20 04:00:00,229.01077126583752,203.19716336859952,264.2915847519972,229.01077126583752,229.01077126583752,4.9595957670538855,4.9595957670538855,4.9595957670538855,4.9595957670538855,4.9595957670538855,4.9595957670538855,0.0,0.0,0.0,233.9703670328914
116,2023-06-21 04:00:00,229.60004995178895,203.9574956911692,263.17030194033777,229.60004995178895,229.60004995178895,3.9456561407506148,3.9456561407506148,3.9456561407506148,3.9456561407506148,3.9456561407506148,3.9456561407506148,0.0,0.0,0.0,233.54570609253958
117,2023-06-22 04:00:00,230.1893286377404,204.557087808717,263.12870854181443,230.1893286377404,230.1893286377404,3.5533370704351555,3.5533370704351555,3.5533370704351555,3.5533370704351555,3.5533370704351555,3.5533370704351555,0.0,0.0,0.0,233.74266570817556
118,2023-06-23 04:00:00,230.77860732369183,205.64004300421246,264.5838791333985,230.77860732369183,230.77860732369183,3.20704227234683,3.20704227234683,3.20704227234683,3.20704227234683,3.20704227234683,3.20704227234683,0.0,0.0,0.0,233.98564959603866
119,2023-06-26 04:00:00,232.54644338154617,204.63425863423691,264.0920646678068,232.54644338154617,232.54644338154617,2.5070490868284954,2.5070490868284954,2.5070490868284954,2.5070490868284954,2.5070490868284954,2.5070490868284954,0.0,0.0,0.0,235.05349246837466
120,2023-06-27 04:00:00,233.11018714674975,206.91249436156028,267.8053778816314,233.11018714674975,233.11018714674975,4.959595766982505,4.959595766982505,4.959595766982505,4.959595766982505,4.959595766982505,4.959595766982505,0.0,0.0,0.0,238.06978291373227
121,2023-06-28 04:00:00,233.6739309119533,207.5832942761206,268.0881372923957,233.6739309119533,233.6739309119533,3.9456561407117916,3.9456561407117916,3.9456561407117916,3.9456561407117916,3.9456561407117916,3.9456561407117916,0.0,0.0,0.0,237.6195870526651
122,2023-06-29 04:00:00,234.23767467715686,207.727864743613,266.2688254381642,234.23767467715686,234.23767467715686,3.5533370703617964,3.5533370703617964,3.5533370703617964,3.5533370703617964,3.5533370703617964,3.5533370703617964,0.0,0.0,0.0,237.79101174751867
123,2023-06-30 04:00:00,234.80141844236041,208.0496791053705,269.8226695401766,234.80141844236041,234.80141844236041,3.207042272414413,3.207042272414413,3.207042272414413,3.207042272414413,3.207042272414413,3.207042272414413,0.0,0.0,0.0,238.00846071477483
124,2023-07-03 04:00:00,236.4926497379711,209.40574286104953,267.81245795488405,236.4926497379711,236.4926497379711,2.5070490867708064,2.5070490867708064,2.5070490867708064,2.5070490867708064,2.5070490867708064,2.5070490867708064,0.0,0.0,0.0,238.99969882474193
125,2023-07-05 04:00:00,237.62013726837822,212.6525725252059,271.9010442724244,237.62013726837822,237.62013726837822,3.945656140786711,3.945656140786711,3.945656140786711,3.945656140786711,3.945656140786711,3.945656140786711,0.0,0.0,0.0,241.56579340916494
126,2023-07-06 04:00:00,238.18388103358174,213.6579639293678,269.54617807009305,238.18388103358174,238.18388103358174,3.5533370704536043,3.5533370704536043,3.5533370704536043,3.5533370704536043,3.5533370704536043,3.5533370704536043,0.0,0.0,0.0,241.73721810403535
127,2023-07-07 04:00:00,238.74762479878535,213.0554569821156,274.21268328041253,238.74762479878535,238.74762479878535,3.207042272481996,3.207042272481996,3.207042272481996,3.207042272481996,3.207042272481996,3.207042272481996,0.0,0.0,0.0,241.95466707126735
128,2023-07-10 04:00:00,239.90753424802915,212.91705293475826,270.44750457350614,239.90753424802915,239.90753424802915,2.5070490868423323,2.5070490868423323,2.5070490868423323,2.5070490868423323,2.5070490868423323,2.5070490868423323,0.0,0.0,0.0,242.41458333487148
129,2023-07-11 04:00:00,240.29417073111043,217.41725536817498,274.0465210810097,240.29417073111043,240.29417073111043,4.959595767037697,4.959595767037697,4.959595767037697,4.959595767037697,4.959595767037697,4.959595767037697,0.0,0.0,0.0,245.2537664981481
130,2023-07-12 04:00:00,240.68080721419167,214.65540222426694,274.25668565324435,240.68080721419167,240.68080721419167,3.9456561408191013,3.9456561408191013,3.9456561408191013,3.9456561408191013,3.9456561408191013,3.9456561408191013,0.0,0.0,0.0,244.62646335501077
131,2023-07-13 04:00:00,241.06744369727295,215.5153542993731,276.40338791581553,241.06744369727295,241.06744369727295,3.553337070380245,3.553337070380245,3.553337070380245,3.553337070380245,3.553337070380245,3.553337070380245,0.0,0.0,0.0,244.6207807676532
132,2023-07-14 04:00:00,241.4540801803542,213.1341147059148,274.73102162807595,241.4540801803542,241.4540801803542,3.207042272395125,3.207042272395125,3.207042272395125,3.207042272395125,3.207042272395125,3.207042272395125,0.0,0.0,0.0,244.6611224527493
133,2023-07-17 04:00:00,242.61398962959802,213.05636838877393,274.8244694509151,242.61398962959802,242.61398962959802,2.5070490867301523,2.5070490867301523,2.5070490867301523,2.5070490867301523,2.5070490867301523,2.5070490867301523,0.0,0.0,0.0,245.12103871632817
134,2023-07-18 04:00:00,243.00062611267927,217.59009667172262,276.2818359126223,243.00062611267927,243.00062611267927,4.95959576696632,4.95959576696632,4.95959576696632,4.95959576696632,4.95959576696632,4.95959576696632,0.0,0.0,0.0,247.9602218796456
135,2023-07-19 04:00:00,243.3872625957605,217.17226223892405,277.01461080268325,243.3872625957605,243.3872625957605,3.945656140894019,3.945656140894019,3.945656140894019,3.945656140894019,3.945656140894019,3.945656140894019,0.0,0.0,0.0,247.3329187366545
136,2023-07-20 04:00:00,243.54420082437602,216.0108611877787,278.404430082103,243.54420082437602,243.54420082437602,3.5533370704128666,3.5533370704128666,3.5533370704128666,3.5533370704128666,3.5533370704128666,3.5533370704128666,0.0,0.0,0.0,247.0975378947889
137,2023-07-21 04:00:00,243.70113905299155,216.23142748660138,278.1272560037244,243.70113905299155,243.70113905299155,3.20704227246271,3.20704227246271,3.20704227246271,3.20704227246271,3.20704227246271,3.20704227246271,0.0,0.0,0.0,246.90818132545425
138,2023-07-24 04:00:00,244.17195373883814,215.59421003516132,276.676059019574,244.17195373883814,244.17195373883814,2.5070490868016764,2.5070490868016764,2.5070490868016764,2.5070490868016764,2.5070490868016764,2.5070490868016764,0.0,0.0,0.0,246.67900282563983
139,2023-07-25 04:00:00,244.32889196745367,220.78675464907084,279.61133294557953,244.32889196745367,244.32889196745367,4.959595767092893,4.959595767092893,4.959595767092893,4.959595767092893,4.959595767092893,4.959595767092893,0.0,0.0,0.0,249.28848773454658
140,2023-07-26 04:00:00,244.48583019606917,220.3762311434186,278.28232791105984,244.48583019606917,244.48583019606917,3.9456561407414563,3.9456561407414563,3.9456561407414563,3.9456561407414563,3.9456561407414563,3.9456561407414563,0.0,0.0,0.0,248.43148633681062
141,2023-07-27 04:00:00,244.64276842468473,218.78422439160013,279.04109678013026,244.64276842468473,244.64276842468473,3.5533370704454894,3.5533370704454894,3.5533370704454894,3.5533370704454894,3.5533370704454894,3.5533370704454894,0.0,0.0,0.0,248.1961054951302
142,2023-07-28 04:00:00,244.79970665330023,219.06078295911388,276.87018375079805,244.79970665330023,244.79970665330023,3.207042272409359,3.207042272409359,3.207042272409359,3.207042272409359,3.207042272409359,3.207042272409359,0.0,0.0,0.0,248.0067489257096
143,2023-07-31 04:00:00,245.27052133914682,219.2136206619733,276.65780003607654,245.27052133914682,245.27052133914682,2.5070490868085926,2.5070490868085926,2.5070490868085926,2.5070490868085926,2.5070490868085926,2.5070490868085926,0.0,0.0,0.0,247.77757042595542
144,2023-08-01 04:00:00,245.26468438896114,221.82787266140843,282.4560298713423,245.26468438896114,245.26468438896114,4.95959576702151,4.95959576702151,4.95959576702151,4.95959576702151,4.95959576702151,4.95959576702151,0.0,0.0,0.0,250.22428015598265
145,2023-08-02 04:00:00,245.25884743877546,220.3370898016477,277.49749108307776,245.25884743877546,245.25884743877546,3.945656140816374,3.945656140816374,3.945656140816374,3.945656140816374,3.945656140816374,3.945656140816374,0.0,0.0,0.0,249.20450357959183
146,2023-08-03 04:00:00,245.25301048858975,217.55541515763684,280.5670038252717,245.25301048858975,245.25301048858975,3.5533370704781126,3.5533370704781126,3.5533370704781126,3.5533370704781126,3.5533370704781126,3.5533370704781126,0.0,0.0,0.0,248.80634755906786
147,2023-08-04 04:00:00,245.24717353840407,219.85327957609738,278.89267960492697,245.24717353840407,245.24717353840407,3.20704227247694,3.20704227247694,3.20704227247694,3.20704227247694,3.20704227247694,3.20704227247694,0.0,0.0,0.0,248.454215810881
148,2023-08-07 04:00:00,245.22966268784702,217.4736257766105,276.6392000815798,245.22966268784702,245.22966268784702,2.507049086815511,2.507049086815511,2.507049086815511,2.507049086815511,2.507049086815511,2.507049086815511,0.0,0.0,0.0,247.73671177466252
149,2023-08-08 04:00:00,245.22382573766131,222.76967020223455,280.40779971297314,245.22382573766131,245.22382573766131,4.959595767021209,4.959595767021209,4.959595767021209,4.959595767021209,4.959595767021209,4.959595767021209,0.0,0.0,0.0,250.1834215046825
150,2023-08-09 04:00:00,245.21798878747563,218.07096234938638,279.1011403611225,245.21798878747563,245.21798878747563,3.9456561407350246,3.9456561407350246,3.9456561407350246,3.9456561407350246,3.9456561407350246,3.9456561407350246,0.0,0.0,0.0,249.16364492821066
151,2023-08-10 04:00:00,245.21215183728995,219.9123200622816,275.340199032426,245.21215183728995,245.21215183728995,3.5533370704047518,3.5533370704047518,3.5533370704047518,3.5533370704047518,3.5533370704047518,3.5533370704047518,0.0,0.0,0.0,248.7654889076947
152,2023-08-11 04:00:00,245.1393218987406,217.11715715638317,275.5111166584445,245.1393218987406,245.1393218987406,3.207042272467298,3.207042272467298,3.207042272467298,3.207042272467298,3.207042272467298,3.207042272467298,0.0,0.0,0.0,248.3463641712079
153,2023-08-14 04:00:00,244.92083208309262,216.28320546492785,277.0609289212451,244.92083208309262,244.92083208309262,2.5070490868224278,2.5070490868224278,2.5070490868224278,2.5070490868224278,2.5070490868224278,2.5070490868224278,0.0,0.0,0.0,247.42788116991505
154,2023-08-15 04:00:00,244.84800214454324,218.2983057742671,277.68375834032366,244.84800214454324,244.84800214454324,4.959595766949829,4.959595766949829,4.959595766949829,4.959595766949829,4.959595766949829,4.959595766949829,0.0,0.0,0.0,249.80759791149308
155,2023-08-16 04:00:00,244.7751722059939,219.125912100672,279.5579055992343,244.7751722059939,244.7751722059939,3.945656140809943,3.945656140809943,3.945656140809943,3.945656140809943,3.945656140809943,3.945656140809943,0.0,0.0,0.0,248.72082834680384
156,2023-08-17 04:00:00,244.70234226744458,218.67134252377141,278.39129687305183,244.70234226744458,244.70234226744458,3.5533370705433525,3.5533370705433525,3.5533370705433525,3.5533370705433525,3.5533370705433525,3.5533370705433525,0.0,0.0,0.0,248.25567933798794
157,2023-08-18 04:00:00,244.62951232889523,218.22549136683958,278.1359635077854,244.62951232889523,244.62951232889523,3.207042272457652,3.207042272457652,3.207042272457652,3.207042272457652,3.207042272457652,3.207042272457652,0.0,0.0,0.0,247.83655460135287
158,2023-08-21 04:00:00,244.41102251324725,216.10325578908999,277.32487273474914,244.41102251324725,244.41102251324725,2.5070490868939537,2.5070490868939537,2.5070490868939537,2.5070490868939537,2.5070490868939537,2.5070490868939537,0.0,0.0,0.0,246.9180716001412
159,2023-08-22 04:00:00,244.33819257469787,216.80373320003275,278.3582274408296,244.33819257469787,244.33819257469787,4.959595766977427,4.959595766977427,4.959595766977427,4.959595766977427,4.959595766977427,4.959595766977427,0.0,0.0,0.0,249.2977883416753
160,2023-08-23 04:00:00,244.2653626135718,217.59744537811795,276.32066200917353,244.2653626135718,244.2653626135718,3.945656140884863,3.945656140884863,3.945656140884863,3.945656140884863,3.945656140884863,3.945656140884863,0.0,0.0,0.0,248.21101875445666
161,2023-08-24 04:00:00,244.19253265244572,218.66438079680816,277.823638457893,244.19253265244572,244.19253265244572,3.553337070423201,3.553337070423201,3.553337070423201,3.553337070423201,3.553337070423201,3.553337070423201,0.0,0.0,0.0,247.74586972286892
162,2023-08-25 04:00:00,244.11970269131962,217.31802648302718,276.35864608384827,244.11970269131962,244.11970269131962,3.2070422724480103,3.2070422724480103,3.2070422724480103,3.2070422724480103,3.2070422724480103,3.2070422724480103,0.0,0.0,0.0,247.32674496376762
163,2023-08-28 04:00:00,243.90121280794136,216.7652043790669,275.2799801594173,243.90121280794136,243.90121280794136,2.5070490868362607,2.5070490868362607,2.5070490868362607,2.5070490868362607,2.5070490868362607,2.5070490868362607,0.0,0.0,0.0,246.4082618947776
164,2023-08-29 04:00:00,243.8283828468153,220.72308868160542,279.91287957774625,243.8283828468153,243.8283828468153,4.9595957670050215,4.9595957670050215,4.9595957670050215,4.9595957670050215,4.9595957670050215,4.9595957670050215,0.0,0.0,0.0,248.78797861382031
165,2023-08-30 04:00:00,243.75555288568918,217.63919170724492,278.3804923239951,243.75555288568918,243.75555288568918,3.945656140732298,3.945656140732298,3.945656140732298,3.945656140732298,3.945656140732298,3.945656140732298,0.0,0.0,0.0,247.70120902642148
166,2023-08-31 04:00:00,243.68272292456308,218.5990151544364,275.54381846675,243.68272292456308,243.68272292456308,3.5533370704558243,3.5533370704558243,3.5533370704558243,3.5533370704558243,3.5533370704558243,3.5533370704558243,0.0,0.0,0.0,247.2360599950189
167,2023-09-01 04:00:00,243.609892963437,218.59509814610584,275.4752160368399,243.609892963437,243.609892963437,3.2070422725155914,3.2070422725155914,3.2070422725155914,3.2070422725155914,3.2070422725155914,3.2070422725155914,0.0,0.0,0.0,246.8169352359526
168,2023-09-05 04:00:00,243.3185729697047,219.56533118215575,278.72350352297656,243.3185729697047,243.3185729697047,4.9595957671037,4.9595957671037,4.9595957671037,4.9595957671037,4.9595957671037,4.9595957671037,0.0,0.0,0.0,248.2781687368084
169,2023-09-06 04:00:00,243.24574297127162,215.85698123627802,275.8757472711573,243.24574297127162,243.24574297127162,3.945656140807218,3.945656140807218,3.945656140807218,3.945656140807218,3.945656140807218,3.945656140807218,0.0,0.0,0.0,247.19139911207884
170,2023-09-07 04:00:00,243.1729129728386,215.2792804189844,273.6294443633686,243.1729129728386,243.1729129728386,3.5533370703824656,3.5533370703824656,3.5533370703824656,3.5533370703824656,3.5533370703824656,3.5533370703824656,0.0,0.0,0.0,246.72625004322106
171,2023-09-08 04:00:00,243.1000829744055,215.5084153204928,274.9838348823708,243.1000829744055,243.1000829744055,3.207042272428722,3.207042272428722,3.207042272428722,3.207042272428722,3.207042272428722,3.207042272428722,0.0,0.0,0.0,246.3071252468342
172,2023-09-11 04:00:00,242.88159297910627,213.46629445034293,272.3478210294675,242.88159297910627,242.88159297910627,2.507049086795609,2.507049086795609,2.507049086795609,2.507049086795609,2.507049086795609,2.507049086795609,0.0,0.0,0.0,245.38864206590188
173,2023-09-12 04:00:00,242.80876298067324,219.0198635308958,276.2553303922707,242.80876298067324,242.80876298067324,4.959595767032317,4.959595767032317,4.959595767032317,4.959595767032317,4.959595767032317,4.959595767032317,0.0,0.0,0.0,247.76835874770555
174,2023-09-13 04:00:00,242.73593298224017,214.72383654310448,277.0204304629337,242.73593298224017,242.73593298224017,3.945656140768394,3.945656140768394,3.945656140768394,3.945656140768394,3.945656140768394,3.945656140768394,0.0,0.0,0.0,246.68158912300856
175,2023-09-14 04:00:00,242.66310298380708,217.1817651489608,275.01640220686096,242.66310298380708,242.66310298380708,3.5533370703091065,3.5533370703091065,3.5533370703091065,3.5533370703091065,3.5533370703091065,3.5533370703091065,0.0,0.0,0.0,246.2164400541162
176,2023-09-15 04:00:00,242.59027297126838,217.34011255206224,277.1288294382031,242.59027297126838,242.59027297126838,3.207042272452598,3.207042272452598,3.207042272452598,3.207042272452598,3.207042272452598,3.207042272452598,0.0,0.0,0.0,245.797315243721
177,2023-09-18 04:00:00,242.37178293365218,215.19324109328667,275.15401300269053,242.37178293365218,242.37178293365218,2.5070490868671365,2.5070490868671365,2.5070490868671365,2.5070490868671365,2.5070490868671365,2.5070490868671365,0.0,0.0,0.0,244.87883202051933
178,2023-09-19 04:00:00,242.29895292111345,217.02325961424728,275.94709010115525,242.29895292111345,242.29895292111345,4.959595767059915,4.959595767059915,4.959595767059915,4.959595767059915,4.959595767059915,4.959595767059915,0.0,0.0,0.0,247.25854868817336
179,2023-09-20 04:00:00,242.22612290857472,215.56475711819112,276.25117732979464,242.22612290857472,242.22612290857472,3.9456561408007853,3.9456561408007853,3.9456561408007853,3.9456561408007853,3.9456561408007853,3.9456561408007853,0.0,0.0,0.0,246.17177904937552
180,2023-09-21 04:00:00,242.153292896036,215.2171087680316,273.95415739009457,242.153292896036,242.153292896036,3.553337070447708,3.553337070447708,3.553337070447708,3.553337070447708,3.553337070447708,3.553337070447708,0.0,0.0,0.0,245.7066299664837
181,2023-09-22 04:00:00,242.08046288349726,214.77534153509052,275.00385916000306,242.08046288349726,242.08046288349726,3.207042272365725,3.207042272365725,3.207042272365725,3.207042272365725,3.207042272365725,3.207042272365725,0.0,0.0,0.0,245.287505155863
182,2023-09-25 04:00:00,241.86197284588107,214.50139526563538,276.45943456416035,241.86197284588107,241.86197284588107,2.5070490869386584,2.5070490869386584,2.5070490869386584,2.5070490869386584,2.5070490869386584,2.5070490869386584,0.0,0.0,0.0,244.36902193281972
183,2023-09-26 04:00:00,241.78914283334234,217.12618783852625,275.13268416903173,241.78914283334234,241.78914283334234,4.959595766988536,4.959595766988536,4.959595766988536,4.959595766988536,4.959595766988536,4.959595766988536,0.0,0.0,0.0,246.74873860033088
184,2023-09-27 04:00:00,241.7163128177518,214.70747432332186,275.8893662926962,241.7163128177518,241.7163128177518,3.9456561407619604,3.9456561407619604,3.9456561407619604,3.9456561407619604,3.9456561407619604,3.9456561407619604,0.0,0.0,0.0,245.66196895851377
185,2023-09-28 04:00:00,241.6434828021613,217.92380341753267,278.0946037785788,241.6434828021613,241.6434828021613,3.5533370703743503,3.5533370703743503,3.5533370703743503,3.5533370703743503,3.5533370703743503,3.5533370703743503,0.0,0.0,0.0,245.19681987253563
186,2023-09-29 04:00:00,241.57065278657078,214.26808815971998,274.53879725332405,241.57065278657078,241.57065278657078,3.20704227243331,3.20704227243331,3.20704227243331,3.20704227243331,3.20704227243331,3.20704227243331,0.0,0.0,0.0,244.7776950590041
187,2023-10-02 04:00:00,241.3521627397992,215.62206739946362,273.50226479902096,241.3521627397992,241.3521627397992,2.5070490866972657,2.5070490866972657,2.5070490866972657,2.5070490866972657,2.5070490866972657,2.5070490866972657,0.0,0.0,0.0,243.85921182649648
188,2023-10-03 04:00:00,241.2793327242087,214.78798932630238,277.31293943014333,241.2793327242087,241.2793327242087,4.9595957671151085,4.9595957671151085,4.9595957671151085,4.9595957671151085,4.9595957671151085,4.9595957671151085,0.0,0.0,0.0,246.2389284913238
189,2023-10-04 04:00:00,241.20650270861816,215.76136756178957,276.0540900181803,241.20650270861816,241.20650270861816,3.9456561408368827,3.9456561408368827,3.9456561408368827,3.9456561408368827,3.9456561408368827,3.9456561408368827,0.0,0.0,0.0,245.15215884945505
190,2023-10-05 04:00:00,241.13367269302768,213.71628327235567,273.2555093198503,241.13367269302768,241.13367269302768,3.5533370704069718,3.5533370704069718,3.5533370704069718,3.5533370704069718,3.5533370704069718,3.5533370704069718,0.0,0.0,0.0,244.68700976343465
191,2023-10-06 04:00:00,241.06084267743717,213.07963424374162,273.7085310362889,241.06084267743717,241.06084267743717,3.2070422723799568,3.2070422723799568,3.2070422723799568,3.2070422723799568,3.2070422723799568,3.2070422723799568,0.0,0.0,0.0,244.26788494981713
192,2023-10-09 04:00:00,240.84235262306245,213.24015768373945,272.9724463261535,240.84235262306245,240.84235262306245,2.507049086704182,2.507049086704182,2.507049086704182,2.507049086704182,2.507049086704182,2.507049086704182,0.0,0.0,0.0,243.34940170976662
193,2023-10-10 04:00:00,240.76952260493755,215.63829695377504,274.8661289082231,240.76952260493755,240.76952260493755,4.959595767043727,4.959595767043727,4.959595767043727,4.959595767043727,4.959595767043727,4.959595767043727,0.0,0.0,0.0,245.7291183719813
194,2023-10-11 04:00:00,240.69669258681265,214.46699302059716,273.7498850415541,240.69669258681265,240.69669258681265,3.9456561407980595,3.9456561407980595,3.9456561407980595,3.9456561407980595,3.9456561407980595,3.9456561407980595,0.0,0.0,0.0,244.6423487276107
195,2023-10-12 04:00:00,240.6238625686877,215.09852355737985,272.6374896124884,240.6238625686877,240.6238625686877,3.5533370703927996,3.5533370703927996,3.5533370703927996,3.5533370703927996,3.5533370703927996,3.5533370703927996,0.0,0.0,0.0,244.1771996390805
196,2023-10-13 04:00:00,240.5510325505628,213.98110436573685,273.76283108848946,240.5510325505628,240.5510325505628,3.2070422723703147,3.2070422723703147,3.2070422723703147,3.2070422723703147,3.2070422723703147,3.2070422723703147,0.0,0.0,0.0,243.7580748229331
197,2023-10-16 04:00:00,240.3325424961881,211.19961462811978,274.80439132966376,240.3325424961881,240.3325424961881,2.507049086775708,2.507049086775708,2.507049086775708,2.507049086775708,2.507049086775708,2.507049086775708,0.0,0.0,0.0,242.8395915829638
198,2023-10-17 04:00:00,240.2597124780632,214.74504745739827,276.87588407740236,240.2597124780632,240.2597124780632,4.959595767043428,4.959595767043428,4.959595767043428,4.959595767043428,4.959595767043428,4.959595767043428,0.0,0.0,0.0,245.21930824510662
199,2023-10-18 04:00:00,240.18688245993823,212.19449006052307,272.93664532273044,240.18688245993823,240.18688245993823,3.945656140872981,3.945656140872981,3.945656140872981,3.945656140872981,3.945656140872981,3.945656140872981,0.0,0.0,0.0,244.13253860081122
200,2023-10-19 04:00:00,240.1140524474523,212.06082309653803,272.14176169275805,240.1140524474523,240.1140524474523,3.553337070425424,3.553337070425424,3.553337070425424,3.553337070425424,3.553337070425424,3.553337070425424,0.0,0.0,0.0,243.66738951787772
201,2023-10-20 04:00:00,240.0412224349664,213.65320712602465,272.7500944932552,240.0412224349664,240.0412224349664,3.207042272360671,3.207042272360671,3.207042272360671,3.207042272360671,3.207042272360671,3.207042272360671,0.0,0.0,0.0,243.24826470732705
202,2023-10-23 04:00:00,239.82273239750862,212.11081496506196,271.1584179120279,239.82273239750862,239.82273239750862,2.5070490868472297,2.5070490868472297,2.5070490868472297,2.5070490868472297,2.5070490868472297,2.5070490868472297,0.0,0.0,0.0,242.32978148435583
203,2023-10-24 04:00:00,239.7499023850227,214.7436731416413,275.2380881767507,239.7499023850227,239.7499023850227,4.959595767071025,4.959595767071025,4.959595767071025,4.959595767071025,4.959595767071025,4.959595767071025,0.0,0.0,0.0,244.70949815209372
204,2023-10-25 04:00:00,239.67707237253683,215.43750667819108,274.66336318031966,239.67707237253683,239.67707237253683,3.9456561407204123,3.9456561407204123,3.9456561407204123,3.9456561407204123,3.9456561407204123,3.9456561407204123,0.0,0.0,0.0,243.62272851325724
205,2023-10-26 04:00:00,239.6042423600509,213.45803142434104,274.52620535872484,239.6042423600509,239.6042423600509,3.553337070458044,3.553337070458044,3.553337070458044,3.553337070458044,3.553337070458044,3.553337070458044,0.0,0.0,0.0,243.15757943050895
206,2023-10-27 04:00:00,239.53141234756498,211.94301060728327,271.56168410907895,239.53141234756498,239.53141234756498,3.207042272428254,3.207042272428254,3.207042272428254,3.207042272428254,3.207042272428254,3.207042272428254,0.0,0.0,0.0,242.73845461999323
207,2023-10-30 04:00:00,239.3129223101072,213.99568660417125,271.94793229902547,239.3129223101072,239.3129223101072,2.5070490868541504,2.5070490868541504,2.5070490868541504,2.5070490868541504,2.5070490868541504,2.5070490868541504,0.0,0.0,0.0,241.81997139696136
208,2023-10-31 04:00:00,239.2400922976213,213.1463883891403,274.205491105787,239.2400922976213,239.2400922976213,4.959595767098621,4.959595767098621,4.959595767098621,4.959595767098621,4.959595767098621,4.959595767098621,0.0,0.0,0.0,244.1996880647199
209,2023-11-01 04:00:00,239.16726228513537,213.02800591841978,272.71000254583475,239.16726228513537,239.16726228513537,3.945656140795334,3.945656140795334,3.945656140795334,3.945656140795334,3.945656140795334,3.945656140795334,0.0,0.0,0.0,243.1129184259307
210,2023-11-02 04:00:00,239.09443227264944,214.56734576713706,270.9640830365946,239.09443227264944,239.09443227264944,3.5533370704438734,3.5533370704438734,3.5533370704438734,3.5533370704438734,3.5533370704438734,3.5533370704438734,0.0,0.0,0.0,242.6477693430933
211,2023-11-03 04:00:00,239.02160226016352,212.4759249724456,271.57100578102524,239.02160226016352,239.02160226016352,3.207042272495835,3.207042272495835,3.207042272495835,3.207042272495835,3.207042272495835,3.207042272495835,0.0,0.0,0.0,242.22864453265936
212,2023-11-06 05:00:00,238.80007763885217,216.71859899945787,272.88567547746,238.80007763885217,238.80007763885217,4.654973191489451,4.654973191489451,4.654973191489451,4.654973191489451,4.654973191489451,4.654973191489451,0.0,0.0,0.0,243.45505083034163
213,2023-11-07 05:00:00,238.72724762636625,214.32279735627827,273.8751705564763,238.72724762636625,238.72724762636625,3.7342402327898627,3.7342402327898627,3.7342402327898627,3.7342402327898627,3.7342402327898627,3.7342402327898627,0.0,0.0,0.0,242.4614878591561
214,2023-11-08 05:00:00,238.65441761388033,213.6469105477818,272.7162819794531,238.65441761388033,238.65441761388033,4.964411270393143,4.964411270393143,4.964411270393143,4.964411270393143,4.964411270393143,4.964411270393143,0.0,0.0,0.0,243.61882888427346
215,2023-11-09 05:00:00,238.5815876013944,211.0548881071144,271.3437885191438,238.5815876013944,238.5815876013944,2.3934781849949114,2.3934781849949114,2.3934781849949114,2.3934781849949114,2.3934781849949114,2.3934781849949114,0.0,0.0,0.0,240.9750657863893
216,2023-11-10 05:00:00,238.50875758890848,214.00835193735776,271.45943819309315,238.50875758890848,238.50875758890848,4.88647335614164,4.88647335614164,4.88647335614164,4.88647335614164,4.88647335614164,4.88647335614164,0.0,0.0,0.0,243.39523094505012
217,2023-11-13 05:00:00,238.2902675514507,217.4159923591519,271.7062571260086,238.2902675514507,238.2902675514507,4.6549731914992085,4.6549731914992085,4.6549731914992085,4.6549731914992085,4.6549731914992085,4.6549731914992085,0.0,0.0,0.0,242.94524074294992
218,2023-11-14 05:00:00,238.2174375389648,211.40061840594123,270.10156757631745,238.2174375389648,238.2174375389648,3.734240232906547,3.734240232906547,3.734240232906547,3.734240232906547,3.734240232906547,3.734240232906547,0.0,0.0,0.0,241.95167777187135
219,2023-11-15 05:00:00,238.14460752647886,211.6656994764778,271.2472699779453,238.14460752647886,238.14460752647886,4.964411270467094,4.964411270467094,4.964411270467094,4.964411270467094,4.964411270467094,4.964411270467094,0.0,0.0,0.0,243.10901879694595
220,2023-11-16 05:00:00,238.07177751399294,208.8014303569592,270.8212905836592,238.07177751399294,238.07177751399294,2.3934781850293736,2.3934781850293736,2.3934781850293736,2.3934781850293736,2.3934781850293736,2.3934781850293736,0.0,0.0,0.0,240.46525569902232
221,2023-11-17 05:00:00,237.99894750150702,213.49569944968493,274.07925484252826,237.99894750150702,237.99894750150702,4.886473356091214,4.886473356091214,4.886473356091214,4.886473356091214,4.886473356091214,4.886473356091214,0.0,0.0,0.0,242.88542085759823
222,2023-11-20 05:00:00,237.78045746404925,214.0424922973132,274.1089046823156,237.78045746404925,237.78045746404925,4.654973191508969,4.654973191508969,4.654973191508969,4.654973191508969,4.654973191508969,4.654973191508969,0.0,0.0,0.0,242.4354306555582
223,2023-11-21 05:00:00,237.70762745156333,211.77549926762748,270.47570567049615,237.70762745156333,237.70762745156333,3.734240232839202,3.734240232839202,3.734240232839202,3.734240232839202,3.734240232839202,3.734240232839202,0.0,0.0,0.0,241.44186768440252
224,2023-11-22 05:00:00,237.63479743907743,209.91749546012386,272.0291077886176,237.63479743907743,237.63479743907743,4.964411270428921,4.964411270428921,4.964411270428921,4.964411270428921,4.964411270428921,4.964411270428921,0.0,0.0,0.0,242.59920870950634
225,2023-11-24 05:00:00,237.4891374141056,210.01808491485897,272.5682846696335,237.4891374141056,237.4891374141056,4.8864733560784455,4.8864733560784455,4.8864733560784455,4.8864733560784455,4.8864733560784455,4.8864733560784455,0.0,0.0,0.0,242.37561077018407
226,2023-11-27 05:00:00,237.27064737664784,210.0597612076161,270.65776035746114,237.27064737664784,237.27064737664784,4.654973191572408,4.654973191572408,4.654973191572408,4.654973191572408,4.654973191572408,4.654973191572408,0.0,0.0,0.0,241.92562056822024
227,2023-11-28 05:00:00,237.19781736416192,209.96198005811385,272.7054041026521,237.19781736416192,237.19781736416192,3.734240232843365,3.734240232843365,3.734240232843365,3.734240232843365,3.734240232843365,3.734240232843365,0.0,0.0,0.0,240.9320575970053
228,2023-11-29 05:00:00,237.124987351676,213.8090800762886,272.5274426302532,237.124987351676,237.124987351676,4.96441127050287,4.96441127050287,4.96441127050287,4.96441127050287,4.96441127050287,4.96441127050287,0.0,0.0,0.0,242.08939862217886
229,2023-11-30 05:00:00,237.05215733919007,207.42404264017384,269.2475527535407,237.05215733919007,237.05215733919007,2.393478185046437,2.393478185046437,2.393478185046437,2.393478185046437,2.393478185046437,2.393478185046437,0.0,0.0,0.0,239.4456355242365
230,2023-12-01 05:00:00,236.97932732670415,213.7256614024647,273.85696996471046,236.97932732670415,236.97932732670415,4.886473356065673,4.886473356065673,4.886473356065673,4.886473356065673,4.886473356065673,4.886473356065673,0.0,0.0,0.0,241.86580068276982
231,2023-12-04 05:00:00,236.76083728924638,210.94074673692995,273.25589420660384,236.76083728924638,236.76083728924638,4.654973191635853,4.654973191635853,4.654973191635853,4.654973191635853,4.654973191635853,4.654973191635853,0.0,0.0,0.0,241.41581048088224
232,2023-12-05 05:00:00,236.68800727676046,212.29019038729896,269.85951766738424,236.68800727676046,236.68800727676046,3.734240232868036,3.734240232868036,3.734240232868036,3.734240232868036,3.734240232868036,3.734240232868036,0.0,0.0,0.0,240.4222475096285
233,2023-12-06 05:00:00,236.61517726427454,209.55168446642756,269.82663139899535,236.61517726427454,236.61517726427454,4.964411270352573,4.964411270352573,4.964411270352573,4.964411270352573,4.964411270352573,4.964411270352573,0.0,0.0,0.0,241.5795885346271
234,2023-12-07 05:00:00,236.5423472517886,208.9837324611099,268.4399948107628,236.5423472517886,236.5423472517886,2.3934781850809004,2.3934781850809004,2.3934781850809004,2.3934781850809004,2.3934781850809004,2.3934781850809004,0.0,0.0,0.0,238.93582543686952
235,2023-12-08 05:00:00,236.4695172393027,212.14751232045415,272.1792975801704,236.4695172393027,236.4695172393027,4.886473356139037,4.886473356139037,4.886473356139037,4.886473356139037,4.886473356139037,4.886473356139037,0.0,0.0,0.0,241.35599059544174
236,2023-12-11 05:00:00,236.25102720184492,209.31308399437512,269.6911977314884,236.25102720184492,236.25102720184492,4.6549731916456105,4.6549731916456105,4.6549731916456105,4.6549731916456105,4.6549731916456105,4.6549731916456105,0.0,0.0,0.0,240.90600039349053
237,2023-12-12 05:00:00,236.178197189359,209.1368368958188,269.90534296912443,236.178197189359,236.178197189359,3.734240232892704,3.734240232892704,3.734240232892704,3.734240232892704,3.734240232892704,3.734240232892704,0.0,0.0,0.0,239.9124374222517
238,2023-12-13 05:00:00,236.10536717687307,211.5329161896398,269.7104380560098,236.10536717687307,236.10536717687307,4.964411270426525,4.964411270426525,4.964411270426525,4.964411270426525,4.964411270426525,4.964411270426525,0.0,0.0,0.0,241.0697784472996
239,2023-12-14 05:00:00,236.03253716438718,209.7057403892379,267.98070002604135,236.03253716438718,236.03253716438718,2.393478185063499,2.393478185063499,2.393478185063499,2.393478185063499,2.393478185063499,2.393478185063499,0.0,0.0,0.0,238.42601534945067
240,2023-12-15 05:00:00,235.95970715190126,210.86250984526413,271.40806772462486,235.95970715190126,235.95970715190126,4.8864733562124005,4.8864733562124005,4.8864733562124005,4.8864733562124005,4.8864733562124005,4.8864733562124005,0.0,0.0,0.0,240.84618050811366
241,2023-12-18 05:00:00,235.74121711444351,210.32393434048848,268.9995931331346,235.74121711444351,235.74121711444351,4.6549731916553725,4.6549731916553725,4.6549731916553725,4.6549731916553725,4.6549731916553725,4.6549731916553725,0.0,0.0,0.0,240.3961903060989
242,2023-12-19 05:00:00,235.6683871019576,208.91486364785285,269.7624083100597,235.6683871019576,235.6683871019576,3.734240232825359,3.734240232825359,3.734240232825359,3.734240232825359,3.734240232825359,3.734240232825359,0.0,0.0,0.0,239.40262733478295
243,2023-12-20 05:00:00,235.59555708947167,210.55418123743485,271.861583621455,235.59555708947167,235.59555708947167,4.964411270345893,4.964411270345893,4.964411270345893,4.964411270345893,4.964411270345893,4.964411270345893,0.0,0.0,0.0,240.55996835981756
244,2023-12-21 05:00:00,235.52272707698575,208.1631020127178,268.8321685716814,235.52272707698575,235.52272707698575,2.393478184987937,2.393478184987937,2.393478184987937,2.393478184987937,2.393478184987937,2.393478184987937,0.0,0.0,0.0,237.9162052619737
245,2023-12-22 05:00:00,235.44989706449982,210.96731396237894,270.0940745711034,235.44989706449982,235.44989706449982,4.8864733561996285,4.8864733561996285,4.8864733561996285,4.8864733561996285,4.8864733561996285,4.8864733561996285,0.0,0.0,0.0,240.33637042069944
246,2023-12-26 05:00:00,235.15857701455613,209.16922797643485,268.61834351915246,235.15857701455613,235.15857701455613,3.734240232758014,3.734240232758014,3.734240232758014,3.734240232758014,3.734240232758014,3.734240232758014,0.0,0.0,0.0,238.89281724731416
247,2023-12-27 05:00:00,235.0857470020702,208.52180087131129,271.4021108424245,235.0857470020702,235.0857470020702,4.964411270419844,4.964411270419844,4.964411270419844,4.964411270419844,4.964411270419844,4.964411270419844,0.0,0.0,0.0,240.05015827249005
248,2023-12-28 05:00:00,235.01291698958428,205.74970623949943,266.1094475404861,235.01291698958428,235.01291698958428,2.393478185132429,2.393478185132429,2.393478185132429,2.393478185132429,2.393478185132429,2.393478185132429,0.0,0.0,0.0,237.40639517471672
249,2023-12-29 05:00:00,234.94008697709836,207.9795299185411,269.32345182919914,234.94008697709836,234.94008697709836,4.886473356186862,4.886473356186862,4.886473356186862,4.886473356186862,4.886473356186862,4.886473356186862,0.0,0.0,0.0,239.82656033328522
250,2023-12-30 05:00:00,234.86725696461244,223.1869460486642,283.63453298092895,234.86725696461244,234.86725696461244,17.735843122794325,17.735843122794325,17.735843122794325,17.735843122794325,17.735843122794325,17.735843122794325,0.0,0.0,0.0,252.60310008740677
251,2023-12-31 05:00:00,234.7944269521265,167.4374884388713,225.95416588043258,234.7944269521265,234.7944269521265,-38.36941935889805,-38.36941935889805,-38.36941935889805,-38.36941935889805,-38.36941935889805,-38.36941935889805,0.0,0.0,0.0,196.42500759322846
252,2024-01-01 05:00:00,234.7215969396406,208.13728666380217,268.53515633223583,234.7215969396406,234.7215969396406,4.654973191607519,4.654973191607519,4.654973191607519,4.654973191607519,4.654973191607519,4.654973191607519,0.0,0.0,0.0,239.37657013124812
253,2024-01-02 05:00:00,234.64876692715467,207.79788048943107,268.1907118844198,234.6386180843657,234.6606198153951,3.7342402327826836,3.7342402327826836,3.7342402327826836,3.7342402327826836,3.7342402327826836,3.7342402327826836,0.0,0.0,0.0,238.38300715993736
254,2024-01-03 05:00:00,234.57593691466874,210.8846444311535,269.9276839947166,234.55065209165664,234.60269936229903,4.964411270381671,4.964411270381671,4.964411270381671,4.964411270381671,4.964411270381671,4.964411270381671,0.0,0.0,0.0,239.54034818505042
255,2024-01-04 05:00:00,234.50310690218282,206.72808769109372,269.1017373585787,234.45935440964664,234.54879786283124,2.3934781850568636,2.3934781850568636,2.3934781850568636,2.3934781850568636,2.3934781850568636,2.3934781850568636,0.0,0.0,0.0,236.89658508723969
256,2024-01-05 05:00:00,234.4302768896969,210.6460100050261,269.0354441038563,234.36562425117776,234.4949301453911,4.8864733561364355,4.8864733561364355,4.8864733561364355,4.8864733561364355,4.8864733561364355,4.8864733561364355,0.0,0.0,0.0,239.31675024583333
257,2024-01-06 05:00:00,234.357446877211,223.06750894252806,285.02091445997877,234.27010300302962,234.4484649598163,17.735843122948925,17.735843122948925,17.735843122948925,17.735843122948925,17.735843122948925,17.735843122948925,0.0,0.0,0.0,252.09329000015993
258,2024-01-07 05:00:00,234.28461686472508,166.17511802742095,225.46889855096362,234.17524207139866,234.39837191590448,-38.36941935890901,-38.36941935890901,-38.36941935890901,-38.36941935890901,-38.36941935890901,-38.36941935890901,0.0,0.0,0.0,195.91519750581608
259,2024-01-08 05:00:00,234.21178685223916,210.74071541257723,268.2262279021294,234.06356894466725,234.34541068513244,4.654973191563598,4.654973191563598,4.654973191563598,4.654973191563598,4.654973191563598,4.654973191563598,0.0,0.0,0.0,238.86676004380274
260,2024-01-09 05:00:00,234.13895683975323,207.86408528656713,265.72932236111427,233.94685580818847,234.29748899030312,3.7342402328073554,3.7342402328073554,3.7342402328073554,3.7342402328073554,3.7342402328073554,3.7342402328073554,0.0,0.0,0.0,237.8731970725606
261,2024-01-10 05:00:00,234.0661268272673,208.88801604008762,268.8807311310503,233.84275764055832,234.2618446697645,4.964411270413164,4.964411270413164,4.964411270413164,4.964411270413164,4.964411270413164,4.964411270413164,0.0,0.0,0.0,239.03053809768048
262,2024-01-11 05:00:00,233.9932968147814,207.35902629784607,268.0264222204272,233.73640039366998,234.22058649469938,2.3934781850913276,2.3934781850913276,2.3934781850913276,2.3934781850913276,2.3934781850913276,2.3934781850913276,0.0,0.0,0.0,236.38677499987273
263,2024-01-12 05:00:00,233.92046680229546,209.3704425500682,268.91678449199935,233.61174973719554,234.18322093424783,4.886473356209799,4.886473356209799,4.886473356209799,4.886473356209799,4.886473356209799,4.886473356209799,0.0,0.0,0.0,238.80694015850526
264,2024-01-13 05:00:00,233.84763678980954,221.54783833786755,281.89087707420555,233.50592145189782,234.1558366797438,17.735843122892035,17.735843122892035,17.735843122892035,17.735843122892035,17.735843122892035,17.735843122892035,0.0,0.0,0.0,251.5834799127016
265,2024-01-14 05:00:00,233.77480677732365,163.70724941118877,224.250124403147,233.38600593933464,234.1254995704468,-38.36941935891526,-38.36941935891526,-38.36941935891526,-38.36941935891526,-38.36941935891526,-38.36941935891526,0.0,0.0,0.0,195.4053874184084
266,2024-01-15 05:00:00,233.70197676483772,207.1014032565921,267.84385759956297,233.27469221566986,234.09612423340425,4.654973191627041,4.654973191627041,4.654973191627041,4.654973191627041,4.654973191627041,4.654973191627041,0.0,0.0,0.0,238.35694995646477
267,2024-01-16 05:00:00,233.6291467523518,206.49997985912975,267.87505975332726,233.14767113107123,234.07810338544056,3.7342402329035327,3.7342402329035327,3.7342402329035327,3.7342402329035327,3.7342402329035327,3.7342402329035327,0.0,0.0,0.0,237.36338698525535
268,2024-01-17 05:00:00,233.55631673986588,208.75093552675918,268.84751133661194,233.04007509595243,234.04549845253393,4.964411270374991,4.964411270374991,4.964411270374991,4.964411270374991,4.964411270374991,4.964411270374991,0.0,0.0,0.0,238.52072801024087
269,2024-01-18 05:00:00,233.48348672737995,205.1652988548034,263.8692621220888,232.92184155606122,234.02186787418657,2.393478185015764,2.393478185015764,2.393478185015764,2.393478185015764,2.393478185015764,2.393478185015764,0.0,0.0,0.0,235.87696491239572
270,2024-01-19 05:00:00,233.41065671489403,208.51869237782424,265.4873110722468,232.77999890573827,233.99030732679898,4.886473356110894,4.886473356110894,4.886473356110894,4.886473356110894,4.886473356110894,4.886473356110894,0.0,0.0,0.0,238.29713007100491
271,2024-01-20 05:00:00,233.3378267024081,221.63820500794884,281.0267447067783,232.64949056723694,233.97417547561795,17.735843122925512,17.735843122925512,17.735843122925512,17.735843122925512,17.735843122925512,17.735843122925512,0.0,0.0,0.0,251.0736698253336
272,2024-01-21 05:00:00,233.26499668992219,166.13925974526637,225.5316920826942,232.5209868082401,233.9465304974953,-38.36941935888121,-38.36941935888121,-38.36941935888121,-38.36941935888121,-38.36941935888121,-38.36941935888121,0.0,0.0,0.0,194.89557733104098
273,2024-01-22 05:00:00,233.19216667743626,209.89274431390953,267.7101093979071,232.3672154821396,233.91313767396633,4.654973191636799,4.654973191636799,4.654973191636799,4.654973191636799,4.654973191636799,4.654973191636799,0.0,0.0,0.0,237.84713986907306
274,2024-01-23 05:00:00,233.11933666495034,203.67436651335714,266.707697950145,232.2423811301782,233.8890076153704,3.7342402328361857,3.7342402328361857,3.7342402328361857,3.7342402328361857,3.7342402328361857,3.7342402328361857,0.0,0.0,0.0,236.85357689778652
275,2024-01-24 05:00:00,233.04650665246442,209.96347216204015,268.7102140932899,232.10488711321918,233.85229024276913,4.964411270448941,4.964411270448941,4.964411270448941,4.964411270448941,4.964411270448941,4.964411270448941,0.0,0.0,0.0,238.01091792291336
276,2024-01-25 05:00:00,232.9736766399785,203.46685767465706,265.0734505917169,231.97378702768202,233.83199730163832,2.3934781850502285,2.3934781850502285,2.3934781850502285,2.3934781850502285,2.3934781850502285,2.3934781850502285,0.0,0.0,0.0,235.36715482502873
277,2024-01-26 05:00:00,232.90084662749257,208.37228711745502,267.3626592274047,231.83074840241463,233.81066877455427,4.886473356184259,4.886473356184259,4.886473356184259,4.886473356184259,4.886473356184259,4.886473356184259,0.0,0.0,0.0,237.78731998367684
278,2024-01-27 05:00:00,232.82801661500665,220.26003014126252,280.21163467848856,231.65269935520448,233.80141595019364,17.73584312286862,17.73584312286862,17.73584312286862,17.73584312286862,17.73584312286862,17.73584312286862,0.0,0.0,0.0,250.56385973787528
279,2024-01-28 05:00:00,232.75518660252075,165.87201950041248,226.3744915961954,231.4858791937893,233.78133403816662,-38.36941935888744,-38.36941935888744,-38.36941935888744,-38.36941935888744,-38.36941935888744,-38.36941935888744,0.0,0.0,0.0,194.38576724363332
